<?xml version="1.0" encoding="utf-8"?>
<?xml-stylesheet type='text/xsl' href='ConversionLogFile.xsl'?>
<LogFile projectName="N17-1123-S5068" typeText="Type" messageText="Message" timeText="Time">
  <MessageCell ServiceId="80" MessageId="30" MessageClass="Information" Timestamp="4/29/2019 8:30:39 AM">
    <Number ServiceNumber="80" MessageNumber="30" />
    <Text FeedbackText="Upgrade started" />
    <Help HelpId="-1" />
  </MessageCell>
  <MessageCell ServiceId="80" MessageId="30" MessageClass="Information" Timestamp="4/29/2019 8:30:39 AM">
    <Number ServiceNumber="80" MessageNumber="30" />
    <Text FeedbackText="Reading information from previous project/library." />
    <Help HelpId="-1" />
  </MessageCell>
  <MessageCell ServiceId="80" MessageId="30" MessageClass="Information" Timestamp="4/29/2019 8:30:40 AM">
    <Number ServiceNumber="80" MessageNumber="30" />
    <Text FeedbackText="Creating new project/library." />
    <Help HelpId="-1" />
  </MessageCell>
  <MessageCell ServiceId="80" MessageId="30" MessageClass="Information" Timestamp="4/29/2019 8:30:44 AM">
    <Number ServiceNumber="80" MessageNumber="30" />
    <Text FeedbackText="Exporting project/library data." />
    <Help HelpId="-1" />
  </MessageCell>
  <Details ServiceId="80" MessageId="30" Timestamp="4/29/2019 8:30:51 AM" Debug="false">
    <Text />
  </Details>
  <MessageCell ServiceId="80" MessageId="30" MessageClass="Information" Timestamp="4/29/2019 8:30:51 AM">
    <Number ServiceNumber="80" MessageNumber="30" />
    <Text FeedbackText="Importing data into the new project/library." />
    <Help HelpId="-1" />
  </MessageCell>
  <Details ServiceId="80" MessageId="30" Timestamp="4/29/2019 8:31:12 AM" Debug="false">
    <Text />
  </Details>
  <Details ServiceId="80" MessageId="30" Timestamp="4/29/2019 8:31:16 AM" Debug="false">
    <Text>Reorganization succeed!</Text>
  </Details>
  <MessageCell ServiceId="80" MessageId="30" MessageClass="Information" Timestamp="4/29/2019 8:31:17 AM">
    <Number ServiceNumber="80" MessageNumber="30" />
    <Text FeedbackText="CheckRepair lost+found objects" />
    <Help HelpId="-1" />
  </MessageCell>
  <Details ServiceId="80" MessageId="30" Timestamp="4/29/2019 8:31:17 AM" Debug="false">
    <Text>No lost+found object is detected.</Text>
  </Details>
  <MessageCell ServiceId="80" MessageId="30" MessageClass="Information" Timestamp="4/29/2019 8:31:17 AM">
    <Number ServiceNumber="80" MessageNumber="30" />
    <Text FeedbackText="Importing data into the new project/library." />
    <Help HelpId="-1" />
  </MessageCell>
  <MessageCell ServiceId="80" MessageId="30" MessageClass="Information" Timestamp="4/29/2019 8:31:23 AM">
    <Number ServiceNumber="80" MessageNumber="30" />
    <Text FeedbackText="The project or the library is checked for consistency and completeness and is repaired." />
    <Help HelpId="-1" />
  </MessageCell>
  <MessageCell ServiceId="80" MessageId="30" MessageClass="Information" Timestamp="4/29/2019 8:31:24 AM">
    <Number ServiceNumber="80" MessageNumber="30" />
    <Text FeedbackText="Updating new project/library." />
    <Help HelpId="-1" />
  </MessageCell>
  <MessageCell ServiceId="80" MessageId="30" MessageClass="Information" Timestamp="4/29/2019 8:31:29 AM">
    <Number ServiceNumber="80" MessageNumber="30" />
    <Text FeedbackText="Updating new project/library." />
    <Help HelpId="-1" />
  </MessageCell>
  <Details ServiceId="80" MessageId="30" Timestamp="4/29/2019 8:32:06 AM" Debug="false">
    <Text>HmiConvert: Started conversion section.</Text>
  </Details>
  <Details ServiceId="80" MessageId="30" Timestamp="4/29/2019 8:32:06 AM" Debug="false">
    <Text>HmiConvert: Starting conversion step &lt;Siemens.Simatic.Hmi.Globalization.Managers.Scan:Siemens.Simatic.Hmi.Utah.Globalization.TextRepairForConvert.TextsRepair&gt;.</Text>
  </Details>
  <Details ServiceId="80" MessageId="30" Timestamp="4/29/2019 8:32:07 AM" Debug="false">
    <Text>HmiConvert: Finished conversion step &lt;Siemens.Simatic.Hmi.Globalization.Managers.Scan:Siemens.Simatic.Hmi.Utah.Globalization.TextRepairForConvert.TextsRepair&gt;.</Text>
  </Details>
  <Details ServiceId="80" MessageId="30" Timestamp="4/29/2019 8:32:07 AM" Debug="false">
    <Text>HmiConvert: Starting conversion step &lt;Siemens.Simatic.Hmi.Globalization.Managers.Scan:Siemens.Simatic.Hmi.Utah.Globalization.NotUsedTextCategoryDeleter.DeleteNotUsedTextCategoriesInLibraryContext&gt;.</Text>
  </Details>
  <Details ServiceId="80" MessageId="30" Timestamp="4/29/2019 8:32:07 AM" Debug="false">
    <Text>HmiConvert: Finished conversion step &lt;Siemens.Simatic.Hmi.Globalization.Managers.Scan:Siemens.Simatic.Hmi.Utah.Globalization.NotUsedTextCategoryDeleter.DeleteNotUsedTextCategoriesInLibraryContext&gt;.</Text>
  </Details>
  <Details ServiceId="80" MessageId="30" Timestamp="4/29/2019 8:32:07 AM" Debug="false">
    <Text>HmiConvert: Starting conversion step &lt;Siemens.Simatic.Hmi.Globalization.Managers.Scan:Siemens.Simatic.Hmi.Utah.Globalization.TrefTextCategoryReplacer.TurnTRefCategoriesIntoRealOnes&gt;.</Text>
  </Details>
  <Details ServiceId="80" MessageId="30" Timestamp="4/29/2019 8:32:07 AM" Debug="false">
    <Text>HmiConvert: Finished conversion step &lt;Siemens.Simatic.Hmi.Globalization.Managers.Scan:Siemens.Simatic.Hmi.Utah.Globalization.TrefTextCategoryReplacer.TurnTRefCategoriesIntoRealOnes&gt;.</Text>
  </Details>
  <Details ServiceId="80" MessageId="30" Timestamp="4/29/2019 8:32:07 AM" Debug="false">
    <Text>HmiConvert: Starting conversion step &lt;Siemens.Simatic.Hmi.GraphX.Controls.Managers.Scan:Siemens.Simatic.Hmi.Utah.GraphX.Controls.ProDiagPhaseConverter.ConvertProperties&gt;.</Text>
  </Details>
  <Details ServiceId="80" MessageId="30" Timestamp="4/29/2019 8:32:07 AM" Debug="false">
    <Text>HmiConvert: Finished conversion step &lt;Siemens.Simatic.Hmi.GraphX.Controls.Managers.Scan:Siemens.Simatic.Hmi.Utah.GraphX.Controls.ProDiagPhaseConverter.ConvertProperties&gt;.</Text>
  </Details>
  <Details ServiceId="80" MessageId="30" Timestamp="4/29/2019 8:32:07 AM" Debug="false">
    <Text>HmiConvert: Starting conversion step &lt;Siemens.Simatic.Hmi.GraphX.Controls.Managers.Scan:Siemens.Simatic.Hmi.Utah.GraphX.Controls.ProDiagPhaseConverter.AddToolbarButtons&gt;.</Text>
  </Details>
  <Details ServiceId="80" MessageId="30" Timestamp="4/29/2019 8:32:07 AM" Debug="false">
    <Text>HmiConvert: Finished conversion step &lt;Siemens.Simatic.Hmi.GraphX.Controls.Managers.Scan:Siemens.Simatic.Hmi.Utah.GraphX.Controls.ProDiagPhaseConverter.AddToolbarButtons&gt;.</Text>
  </Details>
  <Details ServiceId="80" MessageId="30" Timestamp="4/29/2019 8:32:07 AM" Debug="false">
    <Text>HmiConvert: Starting conversion step &lt;Siemens.Simatic.Hmi.Globalization.Managers.Scan:Siemens.Simatic.Hmi.Utah.Globalization.TextCategoryConvert.CreateNewTextCategoriesV14&gt;.</Text>
  </Details>
  <Details ServiceId="80" MessageId="30" Timestamp="4/29/2019 8:32:07 AM" Debug="false">
    <Text>HmiConvert: Finished conversion step &lt;Siemens.Simatic.Hmi.Globalization.Managers.Scan:Siemens.Simatic.Hmi.Utah.Globalization.TextCategoryConvert.CreateNewTextCategoriesV14&gt;.</Text>
  </Details>
  <Details ServiceId="80" MessageId="30" Timestamp="4/29/2019 8:32:07 AM" Debug="false">
    <Text>HmiConvert: Starting conversion step &lt;Siemens.Simatic.Hmi.Globalization.Managers.Scan:Siemens.Simatic.Hmi.Utah.Globalization.FontConvert.UpdateFontListNames&gt;.</Text>
  </Details>
  <Details ServiceId="80" MessageId="30" Timestamp="4/29/2019 8:32:07 AM" Debug="false">
    <Text>HmiConvert: Finished conversion step &lt;Siemens.Simatic.Hmi.Globalization.Managers.Scan:Siemens.Simatic.Hmi.Utah.Globalization.FontConvert.UpdateFontListNames&gt;.</Text>
  </Details>
  <Details ServiceId="80" MessageId="30" Timestamp="4/29/2019 8:32:07 AM" Debug="false">
    <Text>HmiConvert: Starting conversion step &lt;Siemens.Simatic.Hmi.ScreenModules.Managers.Scan:Siemens.Simatic.Hmi.Utah.Modules.ScreenModules.PhaseConverter.RepairFaceplateTypesAndInstances&gt;.</Text>
  </Details>
  <Details ServiceId="80" MessageId="30" Timestamp="4/29/2019 8:32:07 AM" Debug="false">
    <Text>HmiConvert: Finished conversion step &lt;Siemens.Simatic.Hmi.ScreenModules.Managers.Scan:Siemens.Simatic.Hmi.Utah.Modules.ScreenModules.PhaseConverter.RepairFaceplateTypesAndInstances&gt;.</Text>
  </Details>
  <Details ServiceId="80" MessageId="30" Timestamp="4/29/2019 8:32:07 AM" Debug="false">
    <Text>HmiConvert: Starting conversion step &lt;Siemens.Simatic.Hmi.Device.DeviceManagers.Scan:Siemens.Simatic.Hmi.Utah.Device.Upgrade.DeviceConverter.ConvertHmiDeviceToV14&gt;.</Text>
  </Details>
  <Details ServiceId="80" MessageId="30" Timestamp="4/29/2019 8:32:08 AM" Debug="false">
    <Text>HmiConvert: Finished conversion step &lt;Siemens.Simatic.Hmi.Device.DeviceManagers.Scan:Siemens.Simatic.Hmi.Utah.Device.Upgrade.DeviceConverter.ConvertHmiDeviceToV14&gt;.</Text>
  </Details>
  <Details ServiceId="80" MessageId="30" Timestamp="4/29/2019 8:32:08 AM" Debug="false">
    <Text>HmiConvert: Starting conversion step &lt;Siemens.Simatic.Hmi.Globalization.Managers.Scan:Siemens.Simatic.Hmi.Utah.Globalization.FontConvert.RepairMissingDefaultFontList&gt;.</Text>
  </Details>
  <Details ServiceId="80" MessageId="30" Timestamp="4/29/2019 8:32:08 AM" Debug="false">
    <Text>HmiConvert: Finished conversion step &lt;Siemens.Simatic.Hmi.Globalization.Managers.Scan:Siemens.Simatic.Hmi.Utah.Globalization.FontConvert.RepairMissingDefaultFontList&gt;.</Text>
  </Details>
  <Details ServiceId="80" MessageId="30" Timestamp="4/29/2019 8:32:08 AM" Debug="false">
    <Text>HmiConvert: Starting conversion step &lt;Siemens.Simatic.Hmi.Globalization.Managers.Scan:Siemens.Simatic.Hmi.Utah.Globalization.FontConvert.ClenUpTRefFontLists&gt;.</Text>
  </Details>
  <Details ServiceId="80" MessageId="30" Timestamp="4/29/2019 8:32:08 AM" Debug="false">
    <Text>HmiConvert: Finished conversion step &lt;Siemens.Simatic.Hmi.Globalization.Managers.Scan:Siemens.Simatic.Hmi.Utah.Globalization.FontConvert.ClenUpTRefFontLists&gt;.</Text>
  </Details>
  <Details ServiceId="80" MessageId="30" Timestamp="4/29/2019 8:32:08 AM" Debug="false">
    <Text>HmiConvert: Starting conversion step &lt;Siemens.Simatic.Hmi.GraphX.GraphXManagers.Scan:Siemens.Simatic.Hmi.Utah.GraphX.PhaseConverter.ConvertTRefs&gt;.</Text>
  </Details>
  <Details ServiceId="80" MessageId="30" Timestamp="4/29/2019 8:32:08 AM" Debug="false">
    <Text>HmiConvert: Finished conversion step &lt;Siemens.Simatic.Hmi.GraphX.GraphXManagers.Scan:Siemens.Simatic.Hmi.Utah.GraphX.PhaseConverter.ConvertTRefs&gt;.</Text>
  </Details>
  <Details ServiceId="80" MessageId="30" Timestamp="4/29/2019 8:32:08 AM" Debug="false">
    <Text>HmiConvert: Starting conversion step &lt;Siemens.Simatic.Hmi.Alarm.Managers.Scan:Siemens.Simatic.Hmi.Utah.Alarm.AlarmDataConverter.ConvertAlarmStuff&gt;.</Text>
  </Details>
  <Details ServiceId="80" MessageId="30" Timestamp="4/29/2019 8:32:08 AM" Debug="false">
    <Text>HmiConvert: Finished conversion step &lt;Siemens.Simatic.Hmi.Alarm.Managers.Scan:Siemens.Simatic.Hmi.Utah.Alarm.AlarmDataConverter.ConvertAlarmStuff&gt;.</Text>
  </Details>
  <Details ServiceId="80" MessageId="30" Timestamp="4/29/2019 8:32:08 AM" Debug="false">
    <Text>HmiConvert: Starting conversion step &lt;Siemens.Simatic.Hmi.Scripting.Managers.Scan:Siemens.Simatic.Hmi.Utah.Scripting.FunctionListConverter.ConvertFunctionList&gt;.</Text>
  </Details>
  <Details ServiceId="80" MessageId="30" Timestamp="4/29/2019 8:32:08 AM" Debug="false">
    <Text>HmiConvert: Finished conversion step &lt;Siemens.Simatic.Hmi.Scripting.Managers.Scan:Siemens.Simatic.Hmi.Utah.Scripting.FunctionListConverter.ConvertFunctionList&gt;.</Text>
  </Details>
  <Details ServiceId="80" MessageId="30" Timestamp="4/29/2019 8:32:08 AM" Debug="false">
    <Text>HmiConvert: Starting conversion step &lt;Siemens.Simatic.Hmi.Logging.Managers.Scan:Siemens.Simatic.Hmi.Utah.Logging.LoggingConverter.ConvertLogging&gt;.</Text>
  </Details>
  <Details ServiceId="80" MessageId="30" Timestamp="4/29/2019 8:32:08 AM" Debug="false">
    <Text>HmiConvert: Finished conversion step &lt;Siemens.Simatic.Hmi.Logging.Managers.Scan:Siemens.Simatic.Hmi.Utah.Logging.LoggingConverter.ConvertLogging&gt;.</Text>
  </Details>
  <Details ServiceId="80" MessageId="30" Timestamp="4/29/2019 8:32:08 AM" Debug="false">
    <Text>HmiConvert: Starting conversion step &lt;Siemens.Simatic.Hmi.GraphX.GraphXManagers.Scan:Siemens.Simatic.Hmi.Utah.GraphX.PhaseConverter.ConvertAlarmViewColor&gt;.</Text>
  </Details>
  <Details ServiceId="80" MessageId="30" Timestamp="4/29/2019 8:32:09 AM" Debug="false">
    <Text>HmiConvert: Finished conversion step &lt;Siemens.Simatic.Hmi.GraphX.GraphXManagers.Scan:Siemens.Simatic.Hmi.Utah.GraphX.PhaseConverter.ConvertAlarmViewColor&gt;.</Text>
  </Details>
  <Details ServiceId="80" MessageId="30" Timestamp="4/29/2019 8:32:09 AM" Debug="false">
    <Text>HmiConvert: Starting conversion step &lt;Siemens.Simatic.Hmi.GraphX.GraphXManagers.Scan:Siemens.Simatic.Hmi.Utah.GraphX.GaugeConverter.ConvertGaugeColor&gt;.</Text>
  </Details>
  <Details ServiceId="80" MessageId="30" Timestamp="4/29/2019 8:32:09 AM" Debug="false">
    <Text>HmiConvert: Finished conversion step &lt;Siemens.Simatic.Hmi.GraphX.GraphXManagers.Scan:Siemens.Simatic.Hmi.Utah.GraphX.GaugeConverter.ConvertGaugeColor&gt;.</Text>
  </Details>
  <Details ServiceId="80" MessageId="30" Timestamp="4/29/2019 8:32:09 AM" Debug="false">
    <Text>HmiConvert: Starting conversion step &lt;Siemens.Simatic.Hmi.GraphX.GraphXManagers.Scan:Siemens.Simatic.Hmi.Utah.GraphX.PhaseConverter.ConvertGraphicViewsInReport&gt;.</Text>
  </Details>
  <Details ServiceId="80" MessageId="30" Timestamp="4/29/2019 8:32:09 AM" Debug="false">
    <Text>HmiConvert: Finished conversion step &lt;Siemens.Simatic.Hmi.GraphX.GraphXManagers.Scan:Siemens.Simatic.Hmi.Utah.GraphX.PhaseConverter.ConvertGraphicViewsInReport&gt;.</Text>
  </Details>
  <Details ServiceId="80" MessageId="30" Timestamp="4/29/2019 8:32:09 AM" Debug="false">
    <Text>HmiConvert: Starting conversion step &lt;Siemens.Simatic.Hmi.GraphX.GraphXManagers.Scan:Siemens.Simatic.Hmi.Utah.GraphX.PhaseConverter.ConvertTexts&gt;.</Text>
  </Details>
  <Details ServiceId="80" MessageId="30" Timestamp="4/29/2019 8:32:09 AM" Debug="false">
    <Text>HmiConvert: Finished conversion step &lt;Siemens.Simatic.Hmi.GraphX.GraphXManagers.Scan:Siemens.Simatic.Hmi.Utah.GraphX.PhaseConverter.ConvertTexts&gt;.</Text>
  </Details>
  <Details ServiceId="80" MessageId="30" Timestamp="4/29/2019 8:32:09 AM" Debug="false">
    <Text>HmiConvert: Starting conversion step &lt;Siemens.Simatic.Hmi.GraphX.GraphXManagers.Scan:Siemens.Simatic.Hmi.Utah.GraphX.PhaseConverter.ConvertSymbolicIoFields&gt;.</Text>
  </Details>
  <Details ServiceId="80" MessageId="30" Timestamp="4/29/2019 8:32:09 AM" Debug="false">
    <Text>HmiConvert: Finished conversion step &lt;Siemens.Simatic.Hmi.GraphX.GraphXManagers.Scan:Siemens.Simatic.Hmi.Utah.GraphX.PhaseConverter.ConvertSymbolicIoFields&gt;.</Text>
  </Details>
  <Details ServiceId="80" MessageId="30" Timestamp="4/29/2019 8:32:09 AM" Debug="false">
    <Text>HmiConvert: Starting conversion step &lt;Siemens.Simatic.Hmi.GraphX.Controls.Managers.Scan:Siemens.Simatic.Hmi.Utah.GraphX.Controls.HmiActiveXContainer.ConvertActiveXControl&gt;.</Text>
  </Details>
  <Details ServiceId="80" MessageId="30" Timestamp="4/29/2019 8:32:09 AM" Debug="false">
    <Text>HmiConvert: Finished conversion step &lt;Siemens.Simatic.Hmi.GraphX.Controls.Managers.Scan:Siemens.Simatic.Hmi.Utah.GraphX.Controls.HmiActiveXContainer.ConvertActiveXControl&gt;.</Text>
  </Details>
  <Details ServiceId="80" MessageId="30" Timestamp="4/29/2019 8:32:09 AM" Debug="false">
    <Text>HmiConvert: Starting conversion step &lt;Siemens.Simatic.Hmi.RuntimeIT.Managers.Scan:Siemens.Simatic.Hmi.Utah.RTSecurity.HmiRTSecurityPwdConverter.ConvertPasswordToPasswordHash&gt;.</Text>
  </Details>
  <Details ServiceId="80" MessageId="30" Timestamp="4/29/2019 8:32:09 AM" Debug="false">
    <Text>HmiConvert: Finished conversion step &lt;Siemens.Simatic.Hmi.RuntimeIT.Managers.Scan:Siemens.Simatic.Hmi.Utah.RTSecurity.HmiRTSecurityPwdConverter.ConvertPasswordToPasswordHash&gt;.</Text>
  </Details>
  <Details ServiceId="80" MessageId="30" Timestamp="4/29/2019 8:32:09 AM" Debug="false">
    <Text>HmiConvert: Starting conversion step &lt;Siemens.Simatic.Hmi.GraphX.GraphXManagers.Scan:Siemens.Simatic.Hmi.Utah.GraphX.PhaseConverter.ConvertGroups&gt;.</Text>
  </Details>
  <Details ServiceId="80" MessageId="30" Timestamp="4/29/2019 8:32:09 AM" Debug="false">
    <Text>HmiConvert: Finished conversion step &lt;Siemens.Simatic.Hmi.GraphX.GraphXManagers.Scan:Siemens.Simatic.Hmi.Utah.GraphX.PhaseConverter.ConvertGroups&gt;.</Text>
  </Details>
  <Details ServiceId="80" MessageId="30" Timestamp="4/29/2019 8:32:09 AM" Debug="false">
    <Text>HmiConvert: Starting conversion step &lt;Siemens.Simatic.Hmi.GraphX.GraphXManagers.Scan:Siemens.Simatic.Hmi.Utah.GraphX.PhaseConverter.ConvertGroupsWithText&gt;.</Text>
  </Details>
  <Details ServiceId="80" MessageId="30" Timestamp="4/29/2019 8:32:09 AM" Debug="false">
    <Text>HmiConvert: Finished conversion step &lt;Siemens.Simatic.Hmi.GraphX.GraphXManagers.Scan:Siemens.Simatic.Hmi.Utah.GraphX.PhaseConverter.ConvertGroupsWithText&gt;.</Text>
  </Details>
  <Details ServiceId="80" MessageId="30" Timestamp="4/29/2019 8:32:09 AM" Debug="false">
    <Text>HmiConvert: Starting conversion step &lt;Siemens.Simatic.Hmi.GraphX.GraphXManagers.Scan:Siemens.Simatic.Hmi.Utah.GraphX.PhaseConverter.ConvertSoftkeys&gt;.</Text>
  </Details>
  <Details ServiceId="80" MessageId="30" Timestamp="4/29/2019 8:32:09 AM" Debug="false">
    <Text>HmiConvert: Finished conversion step &lt;Siemens.Simatic.Hmi.GraphX.GraphXManagers.Scan:Siemens.Simatic.Hmi.Utah.GraphX.PhaseConverter.ConvertSoftkeys&gt;.</Text>
  </Details>
  <Details ServiceId="80" MessageId="30" Timestamp="4/29/2019 8:32:09 AM" Debug="false">
    <Text>HmiConvert: Starting conversion step &lt;Siemens.Simatic.Hmi.GraphX.GraphXManagers.Scan:Siemens.Simatic.Hmi.Utah.GraphX.PhaseConverter.ConvertScreenUdtVersionInstanceRelation&gt;.</Text>
  </Details>
  <Details ServiceId="80" MessageId="30" Timestamp="4/29/2019 8:32:09 AM" Debug="false">
    <Text>HmiConvert: Finished conversion step &lt;Siemens.Simatic.Hmi.GraphX.GraphXManagers.Scan:Siemens.Simatic.Hmi.Utah.GraphX.PhaseConverter.ConvertScreenUdtVersionInstanceRelation&gt;.</Text>
  </Details>
  <Details ServiceId="80" MessageId="30" Timestamp="4/29/2019 8:32:09 AM" Debug="false">
    <Text>HmiConvert: Starting conversion step &lt;Siemens.Simatic.Hmi.GraphX.GraphXManagers.Scan:Siemens.Simatic.Hmi.Utah.GraphX.EdgeStylePhaseConverter.ConvertBorderStyle3D&gt;.</Text>
  </Details>
  <Details ServiceId="80" MessageId="30" Timestamp="4/29/2019 8:32:09 AM" Debug="false">
    <Text>HmiConvert: Finished conversion step &lt;Siemens.Simatic.Hmi.GraphX.GraphXManagers.Scan:Siemens.Simatic.Hmi.Utah.GraphX.EdgeStylePhaseConverter.ConvertBorderStyle3D&gt;.</Text>
  </Details>
  <Details ServiceId="80" MessageId="30" Timestamp="4/29/2019 8:32:09 AM" Debug="false">
    <Text>HmiConvert: Starting conversion step &lt;Siemens.Simatic.Hmi.Styles.Managers.Scan:Siemens.Simatic.Hmi.Utah.Styles.HmiStyleConverter.ConvertHmiStyle&gt;.</Text>
  </Details>
  <Details ServiceId="80" MessageId="30" Timestamp="4/29/2019 8:32:11 AM" Debug="false">
    <Text>HmiConvert: Finished conversion step &lt;Siemens.Simatic.Hmi.Styles.Managers.Scan:Siemens.Simatic.Hmi.Utah.Styles.HmiStyleConverter.ConvertHmiStyle&gt;.</Text>
  </Details>
  <Details ServiceId="80" MessageId="30" Timestamp="4/29/2019 8:32:11 AM" Debug="false">
    <Text>HmiConvert: Starting conversion step &lt;Siemens.Simatic.Hmi.ScreenModules.Managers.Scan:Siemens.Simatic.Hmi.Utah.Modules.ScreenModules.PhaseConverter.ConvertFaceplateBorderStyle3D&gt;.</Text>
  </Details>
  <Details ServiceId="80" MessageId="30" Timestamp="4/29/2019 8:32:11 AM" Debug="false">
    <Text>HmiConvert: Finished conversion step &lt;Siemens.Simatic.Hmi.ScreenModules.Managers.Scan:Siemens.Simatic.Hmi.Utah.Modules.ScreenModules.PhaseConverter.ConvertFaceplateBorderStyle3D&gt;.</Text>
  </Details>
  <Details ServiceId="80" MessageId="30" Timestamp="4/29/2019 8:32:11 AM" Debug="false">
    <Text>HmiConvert: Starting conversion step &lt;Siemens.Simatic.Hmi.ScreenModules.Managers.Scan:Siemens.Simatic.Hmi.Utah.Modules.ScreenModules.PhaseConverter.ConvertDeleteParentlessFaceplateStructureMembers&gt;.</Text>
  </Details>
  <Details ServiceId="80" MessageId="30" Timestamp="4/29/2019 8:32:11 AM" Debug="false">
    <Text>HmiConvert: Finished conversion step &lt;Siemens.Simatic.Hmi.ScreenModules.Managers.Scan:Siemens.Simatic.Hmi.Utah.Modules.ScreenModules.PhaseConverter.ConvertDeleteParentlessFaceplateStructureMembers&gt;.</Text>
  </Details>
  <Details ServiceId="80" MessageId="30" Timestamp="4/29/2019 8:32:11 AM" Debug="false">
    <Text>HmiConvert: Starting conversion step &lt;Siemens.Simatic.Hmi.ScreenModules.Managers.Scan:Siemens.Simatic.Hmi.Utah.Modules.ScreenModules.PhaseConverter.RepairInvalidGraphicListReferencesUnderFaceplates&gt;.</Text>
  </Details>
  <Details ServiceId="80" MessageId="30" Timestamp="4/29/2019 8:32:11 AM" Debug="false">
    <Text>HmiConvert: Finished conversion step &lt;Siemens.Simatic.Hmi.ScreenModules.Managers.Scan:Siemens.Simatic.Hmi.Utah.Modules.ScreenModules.PhaseConverter.RepairInvalidGraphicListReferencesUnderFaceplates&gt;.</Text>
  </Details>
  <Details ServiceId="80" MessageId="30" Timestamp="4/29/2019 8:32:11 AM" Debug="false">
    <Text>HmiConvert: Starting conversion step &lt;Siemens.Simatic.Hmi.ScreenModules.Managers.Scan:Siemens.Simatic.Hmi.Utah.Modules.ScreenModules.PhaseConverter.RepairScreenModuleTags&gt;.</Text>
  </Details>
  <Details ServiceId="80" MessageId="30" Timestamp="4/29/2019 8:32:11 AM" Debug="false">
    <Text>HmiConvert: Finished conversion step &lt;Siemens.Simatic.Hmi.ScreenModules.Managers.Scan:Siemens.Simatic.Hmi.Utah.Modules.ScreenModules.PhaseConverter.RepairScreenModuleTags&gt;.</Text>
  </Details>
  <Details ServiceId="80" MessageId="30" Timestamp="4/29/2019 8:32:11 AM" Debug="false">
    <Text>HmiConvert: Starting conversion step &lt;Siemens.Simatic.Hmi.ScreenModules.Managers.Scan:Siemens.Simatic.Hmi.Utah.Modules.ScreenModules.PhaseConverter.RepairPropertyInterfaceStructureMember&gt;.</Text>
  </Details>
  <Details ServiceId="80" MessageId="30" Timestamp="4/29/2019 8:32:11 AM" Debug="false">
    <Text>HmiConvert: Finished conversion step &lt;Siemens.Simatic.Hmi.ScreenModules.Managers.Scan:Siemens.Simatic.Hmi.Utah.Modules.ScreenModules.PhaseConverter.RepairPropertyInterfaceStructureMember&gt;.</Text>
  </Details>
  <Details ServiceId="80" MessageId="30" Timestamp="4/29/2019 8:32:11 AM" Debug="false">
    <Text>HmiConvert: Starting conversion step &lt;Siemens.Simatic.Hmi.ScreenModules.Managers.Scan:Siemens.Simatic.Hmi.Utah.Modules.ScreenModules.PhaseConverter.ConvertImageTRefs&gt;.</Text>
  </Details>
  <Details ServiceId="80" MessageId="30" Timestamp="4/29/2019 8:32:12 AM" Debug="false">
    <Text>HmiConvert: Finished conversion step &lt;Siemens.Simatic.Hmi.ScreenModules.Managers.Scan:Siemens.Simatic.Hmi.Utah.Modules.ScreenModules.PhaseConverter.ConvertImageTRefs&gt;.</Text>
  </Details>
  <Details ServiceId="80" MessageId="30" Timestamp="4/29/2019 8:32:12 AM" Debug="false">
    <Text>HmiConvert: Starting conversion step &lt;Siemens.Simatic.Hmi.ScreenModules.Managers.Scan:Siemens.Simatic.Hmi.Utah.Modules.ScreenModules.PropertiesConverter.RepairAuthorizationPropertyInModuleDevice&gt;.</Text>
  </Details>
  <Details ServiceId="80" MessageId="30" Timestamp="4/29/2019 8:32:12 AM" Debug="false">
    <Text>HmiConvert: Finished conversion step &lt;Siemens.Simatic.Hmi.ScreenModules.Managers.Scan:Siemens.Simatic.Hmi.Utah.Modules.ScreenModules.PropertiesConverter.RepairAuthorizationPropertyInModuleDevice&gt;.</Text>
  </Details>
  <Details ServiceId="80" MessageId="30" Timestamp="4/29/2019 8:32:12 AM" Debug="false">
    <Text>HmiConvert: Starting conversion step &lt;Siemens.Simatic.Hmi.Recipe.Managers.Scan:Siemens.Simatic.Hmi.Utah.Recipe.RecipeConverter.ConvertRecipe&gt;.</Text>
  </Details>
  <Details ServiceId="80" MessageId="30" Timestamp="4/29/2019 8:32:12 AM" Debug="false">
    <Text>HmiConvert: Finished conversion step &lt;Siemens.Simatic.Hmi.Recipe.Managers.Scan:Siemens.Simatic.Hmi.Utah.Recipe.RecipeConverter.ConvertRecipe&gt;.</Text>
  </Details>
  <Details ServiceId="80" MessageId="30" Timestamp="4/29/2019 8:32:12 AM" Debug="false">
    <Text>HmiConvert: Starting conversion step &lt;Siemens.Simatic.Hmi.Communication.Managers.Scan:Siemens.Simatic.Hmi.Utah.Communication.HmiConnectionConverter.ConvertConnection&gt;.</Text>
  </Details>
  <Details ServiceId="80" MessageId="30" Timestamp="4/29/2019 8:32:12 AM" Debug="false">
    <Text>HmiConvert: Finished conversion step &lt;Siemens.Simatic.Hmi.Communication.Managers.Scan:Siemens.Simatic.Hmi.Utah.Communication.HmiConnectionConverter.ConvertConnection&gt;.</Text>
  </Details>
  <Details ServiceId="80" MessageId="30" Timestamp="4/29/2019 8:32:12 AM" Debug="false">
    <Text>HmiConvert: Starting conversion step &lt;Siemens.Simatic.Hmi.GraphX.MTb.Managers.Scan:Siemens.Simatic.Hmi.Utah.GraphX.MenusAndToolBars.ToolbarHolderConverter.ConvertToolbarHolders&gt;.</Text>
  </Details>
  <Details ServiceId="80" MessageId="30" Timestamp="4/29/2019 8:32:12 AM" Debug="false">
    <Text>HmiConvert: Finished conversion step &lt;Siemens.Simatic.Hmi.GraphX.MTb.Managers.Scan:Siemens.Simatic.Hmi.Utah.GraphX.MenusAndToolBars.ToolbarHolderConverter.ConvertToolbarHolders&gt;.</Text>
  </Details>
  <Details ServiceId="80" MessageId="30" Timestamp="4/29/2019 8:32:12 AM" Debug="false">
    <Text>HmiConvert: Starting conversion step &lt;Siemens.Simatic.Hmi.Globalization.Managers.Scan:Siemens.Simatic.Hmi.Utah.Globalization.TextConvertV14.ConvertTexts&gt;.</Text>
  </Details>
  <Details ServiceId="80" MessageId="30" Timestamp="4/29/2019 8:32:12 AM" Debug="false">
    <Text>HmiConvert: Finished conversion step &lt;Siemens.Simatic.Hmi.Globalization.Managers.Scan:Siemens.Simatic.Hmi.Utah.Globalization.TextConvertV14.ConvertTexts&gt;.</Text>
  </Details>
  <Details ServiceId="80" MessageId="30" Timestamp="4/29/2019 8:32:12 AM" Debug="false">
    <Text>HmiConvert: Starting conversion step &lt;Siemens.Simatic.Hmi.Tag.Managers.Scan:Siemens.Simatic.Hmi.Utah.Tag.CoreTagConverter.DoConvert&gt;.</Text>
  </Details>
  <Details ServiceId="80" MessageId="30" Timestamp="4/29/2019 8:32:12 AM" Debug="false">
    <Text>HmiConvert: Finished conversion step &lt;Siemens.Simatic.Hmi.Tag.Managers.Scan:Siemens.Simatic.Hmi.Utah.Tag.CoreTagConverter.DoConvert&gt;.</Text>
  </Details>
  <Details ServiceId="80" MessageId="30" Timestamp="4/29/2019 8:32:12 AM" Debug="false">
    <Text>HmiConvert: Starting conversion step &lt;Siemens.Simatic.Hmi.Tag.Managers.Scan:Siemens.Simatic.Hmi.Utah.Tag.HmiAreaPointerConverter.DoConvert&gt;.</Text>
  </Details>
  <Details ServiceId="80" MessageId="30" Timestamp="4/29/2019 8:32:13 AM" Debug="false">
    <Text>HmiConvert: Finished conversion step &lt;Siemens.Simatic.Hmi.Tag.Managers.Scan:Siemens.Simatic.Hmi.Utah.Tag.HmiAreaPointerConverter.DoConvert&gt;.</Text>
  </Details>
  <Details ServiceId="80" MessageId="30" Timestamp="4/29/2019 8:32:13 AM" Debug="false">
    <Text>HmiConvert is waiting for external dependency: Siemens.Simatic.Lang.SPLConvert</Text>
  </Details>
  <Details ServiceId="80" MessageId="30" Timestamp="4/29/2019 8:32:57 AM" Debug="false">
    <Text>HmiConvert: Started conversion section.</Text>
  </Details>
  <Details ServiceId="80" MessageId="30" Timestamp="4/29/2019 8:32:57 AM" Debug="false">
    <Text>HmiConvert: Starting conversion step &lt;Siemens.Simatic.Hmi.Tag.Managers.Scan:Siemens.Simatic.Hmi.Utah.Tag.ConvertFinalizer.DoConvert&gt;.</Text>
  </Details>
  <Details ServiceId="80" MessageId="30" Timestamp="4/29/2019 8:33:00 AM" Debug="false">
    <Text>HmiConvert: Finished conversion step &lt;Siemens.Simatic.Hmi.Tag.Managers.Scan:Siemens.Simatic.Hmi.Utah.Tag.ConvertFinalizer.DoConvert&gt;.</Text>
  </Details>
  <Details ServiceId="80" MessageId="30" Timestamp="4/29/2019 8:33:00 AM" Debug="false">
    <Text>HmiConvert: Starting conversion step &lt;Siemens.Simatic.Hmi.Tag.Managers.Scan:Siemens.Simatic.Hmi.Utah.Tag.V13AndV14TagsRepairer.RepairV13AndV14Tags&gt;.</Text>
  </Details>
  <Details ServiceId="80" MessageId="30" Timestamp="4/29/2019 8:33:01 AM" Debug="false">
    <Text>HmiConvert: Finished conversion step &lt;Siemens.Simatic.Hmi.Tag.Managers.Scan:Siemens.Simatic.Hmi.Utah.Tag.V13AndV14TagsRepairer.RepairV13AndV14Tags&gt;.</Text>
  </Details>
  <Details ServiceId="80" MessageId="30" Timestamp="4/29/2019 8:33:01 AM" Debug="false">
    <Text>HmiConvert: Starting conversion step &lt;Siemens.Simatic.Hmi.Tag.Managers.Scan:Siemens.Simatic.Hmi.Utah.Tag.HmiAreaPointerConvertFinalizer.DoConvert&gt;.</Text>
  </Details>
  <Details ServiceId="80" MessageId="30" Timestamp="4/29/2019 8:33:01 AM" Debug="false">
    <Text>HmiConvert: Finished conversion step &lt;Siemens.Simatic.Hmi.Tag.Managers.Scan:Siemens.Simatic.Hmi.Utah.Tag.HmiAreaPointerConvertFinalizer.DoConvert&gt;.</Text>
  </Details>
  <Details ServiceId="80" MessageId="30" Timestamp="4/29/2019 8:33:01 AM" Debug="false">
    <Text>HmiConvert: Starting conversion step &lt;Siemens.Simatic.Hmi.Tag.Managers.Scan:Siemens.Simatic.Hmi.Utah.Tag.HmiUdtVersionConverter.DoConvert&gt;.</Text>
  </Details>
  <Details ServiceId="80" MessageId="30" Timestamp="4/29/2019 8:33:01 AM" Debug="false">
    <Text>HmiConvert: Finished conversion step &lt;Siemens.Simatic.Hmi.Tag.Managers.Scan:Siemens.Simatic.Hmi.Utah.Tag.HmiUdtVersionConverter.DoConvert&gt;.</Text>
  </Details>
  <Details ServiceId="80" MessageId="30" Timestamp="4/29/2019 8:33:01 AM" Debug="false">
    <Text>HmiConvert: Starting conversion step &lt;Siemens.Simatic.Hmi.Cycle.Managers.Scan:Siemens.Simatic.Hmi.Utah.Cycles.CyclePhaseConverter.ConvertCycles&gt;.</Text>
  </Details>
  <Details ServiceId="80" MessageId="30" Timestamp="4/29/2019 8:33:01 AM" Debug="false">
    <Text>HmiConvert: Finished conversion step &lt;Siemens.Simatic.Hmi.Cycle.Managers.Scan:Siemens.Simatic.Hmi.Utah.Cycles.CyclePhaseConverter.ConvertCycles&gt;.</Text>
  </Details>
  <Details ServiceId="80" MessageId="30" Timestamp="4/29/2019 8:33:01 AM" Debug="false">
    <Text>HmiConvert: Starting conversion step &lt;Siemens.Simatic.Hmi.Globalization.Managers.Scan:Siemens.Simatic.Hmi.Utah.Globalization.CommentConvertV14.ConvertComments&gt;.</Text>
  </Details>
  <Details ServiceId="80" MessageId="30" Timestamp="4/29/2019 8:33:01 AM" Debug="false">
    <Text>HmiConvert: Finished conversion step &lt;Siemens.Simatic.Hmi.Globalization.Managers.Scan:Siemens.Simatic.Hmi.Utah.Globalization.CommentConvertV14.ConvertComments&gt;.</Text>
  </Details>
  <Details ServiceId="80" MessageId="30" Timestamp="4/29/2019 8:33:01 AM" Debug="false">
    <Text>HmiConvert: Starting conversion step &lt;Siemens.Simatic.Hmi.Globalization.Managers.Scan:Siemens.Simatic.Hmi.Utah.Globalization.CommentCategoryRepairer.RepairCommentCategoryLinks&gt;.</Text>
  </Details>
  <Details ServiceId="80" MessageId="30" Timestamp="4/29/2019 8:33:01 AM" Debug="false">
    <Text>HmiConvert: Finished conversion step &lt;Siemens.Simatic.Hmi.Globalization.Managers.Scan:Siemens.Simatic.Hmi.Utah.Globalization.CommentCategoryRepairer.RepairCommentCategoryLinks&gt;.</Text>
  </Details>
  <Details ServiceId="80" MessageId="30" Timestamp="4/29/2019 8:33:01 AM" Debug="false">
    <Text>HmiConvert: Starting conversion step &lt;Siemens.Simatic.Hmi.TextGraphicLists.Managers.Scan:Siemens.Simatic.Hmi.Utah.TextAndGraphicLists.HmiTextAndGraphicListConverter.ConvertHmiTextAndGraphicList&gt;.</Text>
  </Details>
  <Details ServiceId="80" MessageId="30" Timestamp="4/29/2019 8:33:01 AM" Debug="false">
    <Text>HmiConvert: Finished conversion step &lt;Siemens.Simatic.Hmi.TextGraphicLists.Managers.Scan:Siemens.Simatic.Hmi.Utah.TextAndGraphicLists.HmiTextAndGraphicListConverter.ConvertHmiTextAndGraphicList&gt;.</Text>
  </Details>
  <Details ServiceId="80" MessageId="30" Timestamp="4/29/2019 8:33:01 AM" Debug="false">
    <Text>HmiConvert: Starting conversion step &lt;Siemens.Simatic.Hmi.Common.ConvertBusinessLogic:Siemens.Simatic.Hmi.Common.Convert.RemoveObsoletePackageContainersConverter.RemoveObsoletePackageContainers&gt;.</Text>
  </Details>
  <Details ServiceId="80" MessageId="30" Timestamp="4/29/2019 8:33:01 AM" Debug="false">
    <Text>HmiConvert: Finished conversion step &lt;Siemens.Simatic.Hmi.Common.ConvertBusinessLogic:Siemens.Simatic.Hmi.Common.Convert.RemoveObsoletePackageContainersConverter.RemoveObsoletePackageContainers&gt;.</Text>
  </Details>
  <Details ServiceId="80" MessageId="30" Timestamp="4/29/2019 8:33:01 AM" Debug="false">
    <Text>HmiConvert: Starting conversion step &lt;Siemens.Simatic.Hmi.GraphX.GraphXManagers.Scan:Siemens.Simatic.Hmi.Utah.GraphX.ChainedListConverter.ConvertFixScreenChainedList&gt;.</Text>
  </Details>
  <Details ServiceId="80" MessageId="30" Timestamp="4/29/2019 8:33:01 AM" Debug="false">
    <Text>HmiConvert: Finished conversion step &lt;Siemens.Simatic.Hmi.GraphX.GraphXManagers.Scan:Siemens.Simatic.Hmi.Utah.GraphX.ChainedListConverter.ConvertFixScreenChainedList&gt;.</Text>
  </Details>
  <Details ServiceId="80" MessageId="30" Timestamp="4/29/2019 8:33:01 AM" Debug="false">
    <Text>HmiConvert: Starting conversion step &lt;Siemens.Simatic.Hmi.ScreenModules.Managers.Scan:Siemens.Simatic.Hmi.Utah.Modules.ScreenModules.PhaseConverter.RepairResizingRules&gt;.</Text>
  </Details>
  <Details ServiceId="80" MessageId="30" Timestamp="4/29/2019 8:33:01 AM" Debug="false">
    <Text>HmiConvert: Finished conversion step &lt;Siemens.Simatic.Hmi.ScreenModules.Managers.Scan:Siemens.Simatic.Hmi.Utah.Modules.ScreenModules.PhaseConverter.RepairResizingRules&gt;.</Text>
  </Details>
  <Details ServiceId="80" MessageId="30" Timestamp="4/29/2019 8:33:01 AM" Debug="false">
    <Text>HmiConvert: Starting conversion step &lt;Siemens.Simatic.Hmi.Communication.Managers.Scan:Siemens.Simatic.Hmi.Utah.Communication.AddressTypeSafeConverter.ConvertTypeSafeAddress&gt;.</Text>
  </Details>
  <Details ServiceId="80" MessageId="30" Timestamp="4/29/2019 8:33:01 AM" Debug="false">
    <Text>HmiConvert: Finished conversion step &lt;Siemens.Simatic.Hmi.Communication.Managers.Scan:Siemens.Simatic.Hmi.Utah.Communication.AddressTypeSafeConverter.ConvertTypeSafeAddress&gt;.</Text>
  </Details>
  <Details ServiceId="80" MessageId="30" Timestamp="4/29/2019 8:33:01 AM" Debug="false">
    <Text>HmiConvert: Starting conversion step &lt;Siemens.Simatic.Hmi.Alarm.Managers.Scan:Siemens.Simatic.Hmi.Utah.Alarm.AlarmDataConverterWithHmiBl.ConvertAlarmStuffWithHmiBl&gt;.</Text>
  </Details>
  <Details ServiceId="80" MessageId="30" Timestamp="4/29/2019 8:33:02 AM" Debug="false">
    <Text>HmiConvert: Finished conversion step &lt;Siemens.Simatic.Hmi.Alarm.Managers.Scan:Siemens.Simatic.Hmi.Utah.Alarm.AlarmDataConverterWithHmiBl.ConvertAlarmStuffWithHmiBl&gt;.</Text>
  </Details>
  <Details ServiceId="80" MessageId="30" Timestamp="4/29/2019 8:33:02 AM" Debug="false">
    <Text>HmiConvert: Starting conversion step &lt;Siemens.Simatic.Hmi.GraphX.Controls.Managers.Scan:Siemens.Simatic.Hmi.Utah.GraphX.Controls.ProDiagPhaseConverter.ConvertLayout&gt;.</Text>
  </Details>
  <Details ServiceId="80" MessageId="30" Timestamp="4/29/2019 8:33:02 AM" Debug="false">
    <Text>HmiConvert: Finished conversion step &lt;Siemens.Simatic.Hmi.GraphX.Controls.Managers.Scan:Siemens.Simatic.Hmi.Utah.GraphX.Controls.ProDiagPhaseConverter.ConvertLayout&gt;.</Text>
  </Details>
  <Details ServiceId="80" MessageId="30" Timestamp="4/29/2019 8:33:02 AM" Debug="false">
    <Text>HmiConvert: Starting conversion step &lt;Siemens.Simatic.Hmi.GraphX.GraphXManagers.Scan:Siemens.Simatic.Hmi.Utah.GraphX.PhaseConverter.ConvertScreenUdtElements&gt;.</Text>
  </Details>
  <Details ServiceId="80" MessageId="30" Timestamp="4/29/2019 8:33:02 AM" Debug="false">
    <Text>HmiConvert: Finished conversion step &lt;Siemens.Simatic.Hmi.GraphX.GraphXManagers.Scan:Siemens.Simatic.Hmi.Utah.GraphX.PhaseConverter.ConvertScreenUdtElements&gt;.</Text>
  </Details>
  <Details ServiceId="80" MessageId="30" Timestamp="4/29/2019 8:33:02 AM" Debug="false">
    <Text>HmiConvert: Starting conversion step &lt;Siemens.Simatic.Hmi.GraphX.GraphXManagers.Scan:Siemens.Simatic.Hmi.Utah.GraphX.PhaseConverter.DeleteTextFromGroups&gt;.</Text>
  </Details>
  <Details ServiceId="80" MessageId="30" Timestamp="4/29/2019 8:33:02 AM" Debug="false">
    <Text>HmiConvert: Finished conversion step &lt;Siemens.Simatic.Hmi.GraphX.GraphXManagers.Scan:Siemens.Simatic.Hmi.Utah.GraphX.PhaseConverter.DeleteTextFromGroups&gt;.</Text>
  </Details>
  <Details ServiceId="80" MessageId="30" Timestamp="4/29/2019 8:33:02 AM" Debug="false">
    <Text>HmiConvert: Starting conversion step &lt;Siemens.Simatic.Hmi.GraphX.GraphXManagers.Scan:Siemens.Simatic.Hmi.Utah.GraphX.PhaseConverter.RepairPointsCollectionOfScreenItems&gt;.</Text>
  </Details>
  <Details ServiceId="80" MessageId="30" Timestamp="4/29/2019 8:33:02 AM" Debug="false">
    <Text>HmiConvert: Finished conversion step &lt;Siemens.Simatic.Hmi.GraphX.GraphXManagers.Scan:Siemens.Simatic.Hmi.Utah.GraphX.PhaseConverter.RepairPointsCollectionOfScreenItems&gt;.</Text>
  </Details>
  <Details ServiceId="80" MessageId="30" Timestamp="4/29/2019 8:33:02 AM" Debug="false">
    <Text>HmiConvert: Starting conversion step &lt;Siemens.Simatic.Hmi.Tag.Managers.Scan:Siemens.Simatic.Hmi.Utah.Tag.RootTagConvertSynchronization.ResynchronizeRootTag&gt;.</Text>
  </Details>
  <Details ServiceId="80" MessageId="30" Timestamp="4/29/2019 8:33:03 AM" Debug="false">
    <Text>HmiConvert: Finished conversion step &lt;Siemens.Simatic.Hmi.Tag.Managers.Scan:Siemens.Simatic.Hmi.Utah.Tag.RootTagConvertSynchronization.ResynchronizeRootTag&gt;.</Text>
  </Details>
  <Details ServiceId="80" MessageId="30" Timestamp="4/29/2019 8:33:03 AM" Debug="false">
    <Text>HmiConvert: Finished conversion section.</Text>
  </Details>
  <MessageCell ServiceId="80" MessageId="30" MessageClass="Information" Timestamp="4/29/2019 8:33:05 AM">
    <Number ServiceNumber="80" MessageNumber="30" />
    <Text FeedbackText="Updating new project/library." />
    <Help HelpId="-1" />
  </MessageCell>
  <MessageCell ServiceId="80" MessageId="30" MessageClass="Information" Timestamp="4/29/2019 8:33:05 AM">
    <Number ServiceNumber="80" MessageNumber="30" />
    <Text FeedbackText="The cross-reference information is being converted." />
    <Help HelpId="-1" />
  </MessageCell>
  <MessageCell ServiceId="80" MessageId="30" MessageClass="Information" Timestamp="4/29/2019 8:33:08 AM">
    <Number ServiceNumber="80" MessageNumber="30" />
    <Text FeedbackText="The cross-reference information was created successfully." />
    <Help HelpId="-1" />
  </MessageCell>
  <MessageCell ServiceId="80" MessageId="30" MessageClass="Information" Timestamp="4/29/2019 8:33:08 AM">
    <Number ServiceNumber="80" MessageNumber="30" />
    <Text FeedbackText="Conversion of the cross-reference information is finished." />
    <Help HelpId="-1" />
  </MessageCell>
  <MessageCell ServiceId="80" MessageId="30" MessageClass="Information" Timestamp="4/29/2019 8:33:08 AM">
    <Number ServiceNumber="80" MessageNumber="30" />
    <Text FeedbackText="Cleaning up outdated metadata." />
    <Help HelpId="-1" />
  </MessageCell>
  <Details ServiceId="80" MessageId="30" Timestamp="4/29/2019 8:33:17 AM" Debug="false">
    <Text>Meta Package 'Dynamics' was deleted</Text>
  </Details>
  <Details ServiceId="80" MessageId="30" Timestamp="4/29/2019 8:33:17 AM" Debug="false">
    <Text>Meta Package 'HmiAlarm' was deleted</Text>
  </Details>
  <Details ServiceId="80" MessageId="30" Timestamp="4/29/2019 8:33:17 AM" Debug="false">
    <Text>Meta Package 'HmiBase' was deleted</Text>
  </Details>
  <Details ServiceId="80" MessageId="30" Timestamp="4/29/2019 8:33:17 AM" Debug="false">
    <Text>Meta Package 'HmiCommunication' was deleted</Text>
  </Details>
  <Details ServiceId="80" MessageId="30" Timestamp="4/29/2019 8:33:17 AM" Debug="false">
    <Text>Meta Package 'HmiControls' was deleted</Text>
  </Details>
  <Details ServiceId="80" MessageId="30" Timestamp="4/29/2019 8:33:17 AM" Debug="false">
    <Text>Meta Package 'HmiControls_V13' was deleted</Text>
  </Details>
  <Details ServiceId="80" MessageId="30" Timestamp="4/29/2019 8:33:17 AM" Debug="false">
    <Text>Meta Package 'HmiCurve' was deleted</Text>
  </Details>
  <Details ServiceId="80" MessageId="30" Timestamp="4/29/2019 8:33:17 AM" Debug="false">
    <Text>Meta Package 'HmiCycle' was deleted</Text>
  </Details>
  <Details ServiceId="80" MessageId="30" Timestamp="4/29/2019 8:33:17 AM" Debug="false">
    <Text>Meta Package 'HmiDevice' was deleted</Text>
  </Details>
  <Details ServiceId="80" MessageId="30" Timestamp="4/29/2019 8:33:17 AM" Debug="false">
    <Text>Meta Package 'HmiDevice_V13SP1' was deleted</Text>
  </Details>
  <Details ServiceId="80" MessageId="30" Timestamp="4/29/2019 8:33:17 AM" Debug="false">
    <Text>Meta Package 'HmiFontItem' was deleted</Text>
  </Details>
  <Details ServiceId="80" MessageId="30" Timestamp="4/29/2019 8:33:17 AM" Debug="false">
    <Text>Meta Package 'HmiFontList' was deleted</Text>
  </Details>
  <Details ServiceId="80" MessageId="30" Timestamp="4/29/2019 8:33:17 AM" Debug="false">
    <Text>Meta Package 'HmiGraphX' was deleted</Text>
  </Details>
  <Details ServiceId="80" MessageId="30" Timestamp="4/29/2019 8:33:17 AM" Debug="false">
    <Text>Meta Package 'HmiGraphX_V12SP1' was deleted</Text>
  </Details>
  <Details ServiceId="80" MessageId="30" Timestamp="4/29/2019 8:33:17 AM" Debug="false">
    <Text>Meta Package 'HmiGraphX_V13SP1' was deleted</Text>
  </Details>
  <Details ServiceId="80" MessageId="30" Timestamp="4/29/2019 8:33:17 AM" Debug="false">
    <Text>Meta Package 'HmiImage' was deleted</Text>
  </Details>
  <Details ServiceId="80" MessageId="30" Timestamp="4/29/2019 8:33:17 AM" Debug="false">
    <Text>Meta Package 'HmiInternalImage' was deleted</Text>
  </Details>
  <Details ServiceId="80" MessageId="30" Timestamp="4/29/2019 8:33:17 AM" Debug="false">
    <Text>Meta Package 'HmiJob' was deleted</Text>
  </Details>
  <Details ServiceId="80" MessageId="30" Timestamp="4/29/2019 8:33:17 AM" Debug="false">
    <Text>Meta Package 'HmiRTSecurity' was deleted</Text>
  </Details>
  <Details ServiceId="80" MessageId="30" Timestamp="4/29/2019 8:33:17 AM" Debug="false">
    <Text>Meta Package 'HmiRecipe' was deleted</Text>
  </Details>
  <Details ServiceId="80" MessageId="30" Timestamp="4/29/2019 8:33:17 AM" Debug="false">
    <Text>Meta Package 'HmiReport' was deleted</Text>
  </Details>
  <Details ServiceId="80" MessageId="30" Timestamp="4/29/2019 8:33:17 AM" Debug="false">
    <Text>Meta Package 'HmiScreenModules' was deleted</Text>
  </Details>
  <Details ServiceId="80" MessageId="30" Timestamp="4/29/2019 8:33:17 AM" Debug="false">
    <Text>Meta Package 'HmiScreenModules_V12SP1' was deleted</Text>
  </Details>
  <Details ServiceId="80" MessageId="30" Timestamp="4/29/2019 8:33:17 AM" Debug="false">
    <Text>Meta Package 'HmiScripting' was deleted</Text>
  </Details>
  <Details ServiceId="80" MessageId="30" Timestamp="4/29/2019 8:33:17 AM" Debug="false">
    <Text>Meta Package 'HmiScripting_V12SP1' was deleted</Text>
  </Details>
  <Details ServiceId="80" MessageId="30" Timestamp="4/29/2019 8:33:17 AM" Debug="false">
    <Text>Meta Package 'HmiStyle' was deleted</Text>
  </Details>
  <Details ServiceId="80" MessageId="30" Timestamp="4/29/2019 8:33:17 AM" Debug="false">
    <Text>Meta Package 'HmiStyle_V13SP1' was deleted</Text>
  </Details>
  <Details ServiceId="80" MessageId="30" Timestamp="4/29/2019 8:33:17 AM" Debug="false">
    <Text>Meta Package 'HmiTag' was deleted</Text>
  </Details>
  <Details ServiceId="80" MessageId="30" Timestamp="4/29/2019 8:33:17 AM" Debug="false">
    <Text>Meta Package 'HmiTag_V12SP1' was deleted</Text>
  </Details>
  <Details ServiceId="80" MessageId="30" Timestamp="4/29/2019 8:33:17 AM" Debug="false">
    <Text>Meta Package 'HmiText' was deleted</Text>
  </Details>
  <Details ServiceId="80" MessageId="30" Timestamp="4/29/2019 8:33:17 AM" Debug="false">
    <Text>Meta Package 'HmiTextAndGraphicLists' was deleted</Text>
  </Details>
  <Details ServiceId="80" MessageId="30" Timestamp="4/29/2019 8:33:17 AM" Debug="false">
    <Text>Meta Package 'HmiTheme' was deleted</Text>
  </Details>
  <Details ServiceId="80" MessageId="30" Timestamp="4/29/2019 8:33:17 AM" Debug="false">
    <Text>Meta Package 'HmiWireless' was deleted</Text>
  </Details>
  <Details ServiceId="80" MessageId="30" Timestamp="4/29/2019 8:33:17 AM" Debug="false">
    <Text>Meta Package 'HmiWireless_V13SP1' was deleted</Text>
  </Details>
  <Details ServiceId="80" MessageId="30" Timestamp="4/29/2019 8:33:17 AM" Debug="false">
    <Text>Meta Package 'Iecpl' was deleted</Text>
  </Details>
  <Details ServiceId="80" MessageId="30" Timestamp="4/29/2019 8:33:17 AM" Debug="false">
    <Text>Meta Package 'Iecpl_BlockInterface_V13.0.1' was deleted</Text>
  </Details>
  <Details ServiceId="80" MessageId="30" Timestamp="4/29/2019 8:33:17 AM" Debug="false">
    <Text>Meta Package 'Iecpl_V12' was deleted</Text>
  </Details>
  <Details ServiceId="80" MessageId="30" Timestamp="4/29/2019 8:33:17 AM" Debug="false">
    <Text>Meta Package 'Logging' was deleted</Text>
  </Details>
  <Details ServiceId="80" MessageId="30" Timestamp="4/29/2019 8:33:17 AM" Debug="false">
    <Text>Meta Package 'Logging_v12' was deleted</Text>
  </Details>
  <Details ServiceId="80" MessageId="30" Timestamp="4/29/2019 8:33:17 AM" Debug="false">
    <Text>Meta Package 'S7FP' was deleted</Text>
  </Details>
  <Details ServiceId="80" MessageId="30" Timestamp="4/29/2019 8:33:17 AM" Debug="false">
    <Text>Meta Package 'S7FP_V12' was deleted</Text>
  </Details>
  <Details ServiceId="80" MessageId="30" Timestamp="4/29/2019 8:33:17 AM" Debug="false">
    <Text>Meta Package 'SettingsEditor' was deleted</Text>
  </Details>
  <Details ServiceId="80" MessageId="30" Timestamp="4/29/2019 8:33:17 AM" Debug="false">
    <Text>Meta Package 'Siemens.Automation.CommonServices.Library.V12SP1' was deleted</Text>
  </Details>
  <Details ServiceId="80" MessageId="30" Timestamp="4/29/2019 8:33:17 AM" Debug="false">
    <Text>Meta Package 'Siemens.Automation.DomainModel.Online' was deleted</Text>
  </Details>
  <Details ServiceId="80" MessageId="30" Timestamp="4/29/2019 8:33:17 AM" Debug="false">
    <Text>Meta Package 'Siemens.Simatic.HwConfiguration.Security.Model' was deleted</Text>
  </Details>
  <Details ServiceId="80" MessageId="30" Timestamp="4/29/2019 8:33:17 AM" Debug="false">
    <Text>Meta Package 'Siemens.Simatic.Tech.SMC' was deleted</Text>
  </Details>
  <Details ServiceId="80" MessageId="30" Timestamp="4/29/2019 8:33:17 AM" Debug="false">
    <Text>Meta Package 'Siemens.TechTrace.Device.Plc.Model' was deleted</Text>
  </Details>
  <Details ServiceId="80" MessageId="30" Timestamp="4/29/2019 8:33:17 AM" Debug="false">
    <Text>Package container 'HW.ET200SP.HM_PN.MDD_6ES7_155_6AU00_0BN0_V3.3_14.0.0' was deleted</Text>
  </Details>
  <Details ServiceId="80" MessageId="30" Timestamp="4/29/2019 8:33:17 AM" Debug="false">
    <Text>Package container 'HW.ET200SP.SpecialModules.ServerModules.MDD_6ES7193-6PA00-0AA0_1.0_14.0.0' was deleted</Text>
  </Details>
  <Details ServiceId="80" MessageId="30" Timestamp="4/29/2019 8:33:17 AM" Debug="false">
    <Text>Package container 'HW.ET200SP.SUBMODULES.ProfinetIO.Port.MDD_6ES7-155-6AU00-0CN0-Sub-Ports_RJ45_V2.0_14.0.0' was deleted</Text>
  </Details>
  <Details ServiceId="80" MessageId="30" Timestamp="4/29/2019 8:33:17 AM" Debug="false">
    <Text>Package container 'HW.ET200SP.SUBMODULES.ProfinetIO.Adapter.CuAdapter.MDD_6ES7-193-6AR00-0AA0-Sub-Adapter_14.0.0' was deleted</Text>
  </Details>
  <Details ServiceId="80" MessageId="30" Timestamp="4/29/2019 8:33:17 AM" Debug="false">
    <Text>Package container 'HW.ET200SP.SUBMODULES.ProfinetIO.Interface.MDD_6ES7-155-6AU00-0BN0-Sub-Interface_V3.3_14.0.0' was deleted</Text>
  </Details>
  <Details ServiceId="80" MessageId="30" Timestamp="4/29/2019 8:33:17 AM" Debug="false">
    <Text>Package container 'HW.ET200SP.SUBMODULES.ProfinetIO.HeadSubmodule.MDD_6ES7-155-6AU00-0BN0-Sub-Head_V3.3_14.0.0' was deleted</Text>
  </Details>
  <Details ServiceId="80" MessageId="30" Timestamp="4/29/2019 8:33:17 AM" Debug="false">
    <Text>Package container 'HW.ET200SP.RACK.MDD_ET200SP-Rack_1.0_14.0.0' was deleted</Text>
  </Details>
  <Details ServiceId="80" MessageId="30" Timestamp="4/29/2019 8:33:17 AM" Debug="false">
    <Text>Package container 'HW.ET200SP.DEVICE.MDD_ET200SP-Device_1.0_14.0.0' was deleted</Text>
  </Details>
  <Details ServiceId="80" MessageId="30" Timestamp="4/29/2019 8:33:17 AM" Debug="false">
    <Text>Package container 'HW.ET200SP.SM_AI.MDD_6ES7134-6HD00-0BA1_1.1_13.0.10' was deleted</Text>
  </Details>
  <Details ServiceId="80" MessageId="30" Timestamp="4/29/2019 8:33:17 AM" Debug="false">
    <Text>Package container 'HW.S71200.SB.Digital.DI.MDD_6ES7221-3BD30-0XB0_1.0_12.0.1' was deleted</Text>
  </Details>
  <Details ServiceId="80" MessageId="30" Timestamp="4/29/2019 8:33:17 AM" Debug="false">
    <Text>Package container 'Siemens.Simatic.Tech.BasicMotionControl.V13SP1' was deleted</Text>
  </Details>
  <Details ServiceId="80" MessageId="30" Timestamp="4/29/2019 8:33:17 AM" Debug="false">
    <Text>Package container 'HW.S71200.SM.Digital.DIO.MDD_6ES7223-1BL32-0XB0_2.0_13.0.10' was deleted</Text>
  </Details>
  <Details ServiceId="80" MessageId="30" Timestamp="4/29/2019 8:33:17 AM" Debug="false">
    <Text>Package container 'HW.ET200SP.SM_DO.MDD_6ES7132-6BH00-0BA0_1.1_13.0.10' was deleted</Text>
  </Details>
  <Details ServiceId="80" MessageId="30" Timestamp="4/29/2019 8:33:17 AM" Debug="false">
    <Text>Package container 'HW.ET200SP.SM_DI.MDD_6ES7131-6BF00-0BA0_1.0_13.0.10' was deleted</Text>
  </Details>
  <Details ServiceId="80" MessageId="30" Timestamp="4/29/2019 8:33:17 AM" Debug="false">
    <Text>Package container 'HW.ET200SP.SM_DI.MDD_6ES7131-6BF00-0BA0_1.1_13.0.10' was deleted</Text>
  </Details>
  <Details ServiceId="80" MessageId="30" Timestamp="4/29/2019 8:33:17 AM" Debug="false">
    <Text>Package container 'HW.ET200SP.SpecialModules.ServerModules.MDD_6ES7193-6PA00-0AA0_1.0_13.0.10' was deleted</Text>
  </Details>
  <Details ServiceId="80" MessageId="30" Timestamp="4/29/2019 8:33:17 AM" Debug="false">
    <Text>Package container 'HW.ET200SP.SUBMODULES.ProfinetIO.Port.MDD_6ES7-155-6AU00-0CN0-Sub-Ports_RJ45_V2.0_13.0.10' was deleted</Text>
  </Details>
  <Details ServiceId="80" MessageId="30" Timestamp="4/29/2019 8:33:17 AM" Debug="false">
    <Text>Package container 'HW.ET200SP.SUBMODULES.ProfinetIO.Adapter.CuAdapter.MDD_6ES7-193-6AR00-0AA0-Sub-Adapter_13.0.10' was deleted</Text>
  </Details>
  <Details ServiceId="80" MessageId="30" Timestamp="4/29/2019 8:33:17 AM" Debug="false">
    <Text>Package container 'HW.ET200SP.HM_PN.MDD_6ES7_155_6AU00_0BN0_V3.3_13.0.20' was deleted</Text>
  </Details>
  <Details ServiceId="80" MessageId="30" Timestamp="4/29/2019 8:33:17 AM" Debug="false">
    <Text>Package container 'HW.ET200SP.RACK.MDD_ET200SP-Rack_1.0_13.0.10' was deleted</Text>
  </Details>
  <Details ServiceId="80" MessageId="30" Timestamp="4/29/2019 8:33:17 AM" Debug="false">
    <Text>Package container 'HW.ET200SP.DEVICE.MDD_ET200SP-Device_1.0_13.0.0' was deleted</Text>
  </Details>
  <Details ServiceId="80" MessageId="30" Timestamp="4/29/2019 8:33:17 AM" Debug="false">
    <Text>Package container 'HW.HMI.Device.BasicPanels.KTP700BasicPlusPN_13.0.10-HmiOnly' was deleted</Text>
  </Details>
  <Details ServiceId="80" MessageId="30" Timestamp="4/29/2019 8:33:17 AM" Debug="false">
    <Text>Package container 'Siemens.Simatic.Hmi' was deleted</Text>
  </Details>
  <Details ServiceId="80" MessageId="30" Timestamp="4/29/2019 8:33:17 AM" Debug="false">
    <Text>Package container 'Siemens.Simatic.Iecpl.S7BSW.V13.0.1.0.NonMandatory' was deleted</Text>
  </Details>
  <Details ServiceId="80" MessageId="30" Timestamp="4/29/2019 8:33:17 AM" Debug="false">
    <Text>Package container 'Siemens.Simatic.Iecpl_V13.0.1' was deleted</Text>
  </Details>
  <Details ServiceId="80" MessageId="30" Timestamp="4/29/2019 8:33:17 AM" Debug="false">
    <Text>Package container 'Siemens.Simatic.Safety.Model_V12' was deleted</Text>
  </Details>
  <Details ServiceId="80" MessageId="30" Timestamp="4/29/2019 8:33:17 AM" Debug="false">
    <Text>Package container 'Siemens.TechTrace.Device.Plc.Model' was deleted</Text>
  </Details>
  <Details ServiceId="80" MessageId="30" Timestamp="4/29/2019 8:33:17 AM" Debug="false">
    <Text>Package container 'Siemens.Simatic.Iecpl_V12' was deleted</Text>
  </Details>
  <Details ServiceId="80" MessageId="30" Timestamp="4/29/2019 8:33:17 AM" Debug="false">
    <Text>Package container 'Siemens.Simatic.Tech.SMC' was deleted</Text>
  </Details>
  <Details ServiceId="80" MessageId="30" Timestamp="4/29/2019 8:33:17 AM" Debug="false">
    <Text>Package container 'HW.S71200.CPU.V4.CPU_1214C.MDD_6ES7214-1AG40-0XB0_4.1_13.0.1' was deleted</Text>
  </Details>
  <Details ServiceId="80" MessageId="30" Timestamp="4/29/2019 8:33:17 AM" Debug="false">
    <Text>Package container 'Siemens.Simatic.Iecpl' was deleted</Text>
  </Details>
  <Details ServiceId="80" MessageId="30" Timestamp="4/29/2019 8:33:17 AM" Debug="false">
    <Text>Package container 'Siemens.Simatic.Iecpl.S7BSW.V12.0.1.0.Mandatory' was deleted</Text>
  </Details>
  <Details ServiceId="80" MessageId="30" Timestamp="4/29/2019 8:33:17 AM" Debug="false">
    <Text>Package container 'Siemens.Simatic.Iecpl.S7BSW.V13.0.1.1.Mandatory' was deleted</Text>
  </Details>
  <Details ServiceId="80" MessageId="30" Timestamp="4/29/2019 8:33:17 AM" Debug="false">
    <Text>Product version 'Siemens.Simatic.Tech.BasicMotionControl:13.00.01.00' was deleted</Text>
  </Details>
  <Details ServiceId="80" MessageId="30" Timestamp="4/29/2019 8:33:17 AM" Debug="false">
    <Text>Product version 'Siemens.Simatic.HSP.HW.ET200SP_DI_DQ_ST_V1.1:01.00.00.00' was deleted</Text>
  </Details>
  <Details ServiceId="80" MessageId="30" Timestamp="4/29/2019 8:33:17 AM" Debug="false">
    <Text>Product version 'Siemens.Simatic.HSP.HW.ET200SP_IM_PN_V3.3:02.00.00.00' was deleted</Text>
  </Details>
  <Details ServiceId="80" MessageId="30" Timestamp="4/29/2019 8:33:17 AM" Debug="false">
    <Text>Product version 'Siemens.Simatic.STEP7.SinemaEBasic:13.00.01.00' was deleted</Text>
  </Details>
  <Details ServiceId="80" MessageId="30" Timestamp="4/29/2019 8:33:17 AM" Debug="false">
    <Text>Product version 'Siemens.Simatic.STEP7.Professional:13.00.01.00' was deleted</Text>
  </Details>
  <Details ServiceId="80" MessageId="30" Timestamp="4/29/2019 8:33:17 AM" Debug="false">
    <Text>Product version 'Siemens.Simatic.STEP7.Professional:13.00.00.00' was deleted</Text>
  </Details>
  <Details ServiceId="80" MessageId="30" Timestamp="4/29/2019 8:33:17 AM" Debug="false">
    <Text>Product version 'Siemens.Simatic.STEP7.SinemaEBasic:13.00.00.00' was deleted</Text>
  </Details>
  <Details ServiceId="80" MessageId="30" Timestamp="4/29/2019 8:33:17 AM" Debug="false">
    <Text>Product version 'Siemens.Simatic.STEP7.Basic:12.00.01.00' was deleted</Text>
  </Details>
  <Details ServiceId="80" MessageId="30" Timestamp="4/29/2019 8:33:17 AM" Debug="false">
    <Text>Product version 'Siemens.Simatic.Hmi.Basic:11.00.02.00' was deleted</Text>
  </Details>
  <Details ServiceId="80" MessageId="30" Timestamp="4/29/2019 8:33:17 AM" Debug="false">
    <Text>Product version 'Siemens.Simatic.Hmi.Basic:13.00.00.00' was deleted</Text>
  </Details>
  <Details ServiceId="80" MessageId="30" Timestamp="4/29/2019 8:33:17 AM" Debug="false">
    <Text>Product version 'Siemens.Simatic.Hmi.Basic:12.00.01.00' was deleted</Text>
  </Details>
  <Details ServiceId="80" MessageId="30" Timestamp="4/29/2019 8:33:17 AM" Debug="false">
    <Text>Product version 'Siemens.Simatic.Hmi.Basic:12.00.00.00' was deleted</Text>
  </Details>
  <Details ServiceId="80" MessageId="30" Timestamp="4/29/2019 8:33:17 AM" Debug="false">
    <Text>Product version 'Siemens.Simatic.Hmi.Basic:11.00.00.00' was deleted</Text>
  </Details>
  <Details ServiceId="80" MessageId="30" Timestamp="4/29/2019 8:33:17 AM" Debug="false">
    <Text>Product version 'Siemens.Simatic.Hmi.Basic:13.00.01.00' was deleted</Text>
  </Details>
  <Details ServiceId="80" MessageId="30" Timestamp="4/29/2019 8:33:17 AM" Debug="false">
    <Text>Product version 'Siemens.Simatic.STEP7.Basic:12.00.00.00' was deleted</Text>
  </Details>
  <Details ServiceId="80" MessageId="30" Timestamp="4/29/2019 8:33:17 AM" Debug="false">
    <Text>Product version 'Siemens.Simatic.STEP7.Basic:11.00.00.00' was deleted</Text>
  </Details>
  <Details ServiceId="80" MessageId="30" Timestamp="4/29/2019 8:33:17 AM" Debug="false">
    <Text>Product version 'Siemens.Simatic.Portal:11.00.02.00' was deleted</Text>
  </Details>
  <Details ServiceId="80" MessageId="30" Timestamp="4/29/2019 8:33:17 AM" Debug="false">
    <Text>Product version 'Siemens.Simatic.Portal:12.00.00.00' was deleted</Text>
  </Details>
  <Details ServiceId="80" MessageId="30" Timestamp="4/29/2019 8:33:17 AM" Debug="false">
    <Text>Product version 'Siemens.Simatic.Portal:13.00.01.00' was deleted</Text>
  </Details>
  <Details ServiceId="80" MessageId="30" Timestamp="4/29/2019 8:33:17 AM" Debug="false">
    <Text>Product version 'Siemens.Simatic.Portal:11.00.02.04' was deleted</Text>
  </Details>
  <Details ServiceId="80" MessageId="30" Timestamp="4/29/2019 8:33:17 AM" Debug="false">
    <Text>Product version 'Siemens.Simatic.Portal:12.00.01.00' was deleted</Text>
  </Details>
  <Details ServiceId="80" MessageId="30" Timestamp="4/29/2019 8:33:17 AM" Debug="false">
    <Text>Product version 'Siemens.Simatic.Portal:13.00.00.00' was deleted</Text>
  </Details>
  <Details ServiceId="80" MessageId="30" Timestamp="4/29/2019 8:33:17 AM" Debug="false">
    <Text>Product version 'Siemens.Simatic.Portal:11.00.00.00' was deleted</Text>
  </Details>
  <Details ServiceId="80" MessageId="30" Timestamp="4/29/2019 8:33:17 AM" Debug="false">
    <Text>Product version 'Siemens.Simatic.STEP7.Basic:13.00.00.00' was deleted</Text>
  </Details>
  <MessageCell ServiceId="80" MessageId="30" MessageClass="Information" Timestamp="4/29/2019 8:33:17 AM">
    <Number ServiceNumber="80" MessageNumber="30" />
    <Text FeedbackText="Saving the upgraded project/library." />
    <Help HelpId="-1" />
  </MessageCell>
  <MessageCell ServiceId="80" MessageId="30" MessageClass="Information" Timestamp="4/29/2019 8:33:17 AM">
    <Number ServiceNumber="80" MessageNumber="30" />
    <Text FeedbackText="Saving the upgraded project/library." />
    <Help HelpId="-1" />
  </MessageCell>
  <MessageCell ServiceId="Automation-ObjectFrame-Feedbacks" MessageId="ConversionInfoTabProjectSucceeded" MessageClass="Success" Timestamp="4/29/2019 8:33:19 AM">
    <Number ServiceNumber="80" MessageNumber="34" />
    <Text FeedbackText="Project 'D:\Siemens\workpace\Thermobounding\src\1.0\N17-1123-S5068\System\PEData.plf' was successfully upgraded and saved as project 'D:\Siemens\workpace\Thermobounding\src\1.0\N17-1123-S5068_V15\System\PEData.plf'." />
    <Help HelpId="-1" HelpFile="" />
  </MessageCell>
</LogFile>